{"schema":6,"addons":[{"id":"langpack-fr@firefox.mozilla.org","icons":{"32":"https://addons.mozilla.org/static-server/img/addon-icons/default-32.2b26add4b394.png","64":"https://addons.mozilla.org/static-server/img/addon-icons/default-64.d144b50f2bb8.png","128":"https://addons.mozilla.org/static-server/img/addon-icons/default-128.452018499894.png"},"name":"Français Language Pack","version":"131.0.20240923.135042","sourceURI":"https://addons.mozilla.org/firefox/downloads/file/4358286/francais_language_pack-131.0.20240923.135042.xpi","homepageURL":null,"supportURL":null,"description":"Français Language Pack","fullDescription":null,"weeklyDownloads":1191,"type":"locale","creator":{"name":"Mozilla Firefox","url":"https://addons.mozilla.org/fr/firefox/user/4757633/"},"developers":[],"screenshots":[],"contributionURL":"","averageRating":4.158,"reviewCount":210,"reviewURL":"https://addons.mozilla.org/fr/firefox/addon/fran%C3%A7ais-language-pack/reviews/","updateDate":1727115374000}]}