{"formautofill@mozilla.org":{"permissions":["internal:svgContextPropertiesAllowed","internal:privateBrowsingAllowed"],"origins":[]},"pictureinpicture@mozilla.org":{"permissions":["internal:svgContextPropertiesAllowed","internal:privateBrowsingAllowed"],"origins":[]},"screenshots@mozilla.org":{"permissions":["internal:svgContextPropertiesAllowed","internal:privateBrowsingAllowed"],"origins":[]},"webcompat@mozilla.org":{"permissions":["internal:svgContextPropertiesAllowed","internal:privateBrowsingAllowed"],"origins":[]},"default-theme@mozilla.org":{"permissions":["internal:svgContextPropertiesAllowed","internal:privateBrowsingAllowed"],"origins":[]},"addons-search-detection@mozilla.com":{"permissions":["internal:svgContextPropertiesAllowed","internal:privateBrowsingAllowed"],"origins":[]},"google@search.mozilla.org":{"permissions":["internal:svgContextPropertiesAllowed","internal:privateBrowsingAllowed"],"origins":[]},"wikipedia@search.mozilla.org":{"permissions":["internal:svgContextPropertiesAllowed","internal:privateBrowsingAllowed"],"origins":[]},"bing@search.mozilla.org":{"permissions":["internal:svgContextPropertiesAllowed","internal:privateBrowsingAllowed"],"origins":[]},"ddg@search.mozilla.org":{"permissions":["internal:svgContextPropertiesAllowed","internal:privateBrowsingAllowed"],"origins":[]},"ebay@search.mozilla.org":{"permissions":["internal:svgContextPropertiesAllowed"],"origins":[]},"qwant@search.mozilla.org":{"permissions":["internal:svgContextPropertiesAllowed"],"origins":[]}}