{"schemaVersion":35,"addons":[{"id":"formautofill@mozilla.org","syncGUID":"{666e9139-f961-4456-b9a0-48931ffb8d02}","version":"1.0.1","type":"extension","loader":null,"updateURL":null,"installOrigins":null,"manifestVersion":2,"optionsURL":null,"optionsType":null,"optionsBrowserStyle":true,"aboutURL":null,"defaultLocale":{"name":"Form Autofill","creator":null,"developers":null,"translators":null,"contributors":null},"visible":true,"active":true,"userDisabled":false,"appDisabled":false,"embedderDisabled":false,"installDate":1725395284000,"updateDate":1725395284000,"applyBackgroundUpdates":1,"path":"/usr/lib/firefox-esr/browser/features/formautofill@mozilla.org.xpi","skinnable":false,"sourceURI":null,"releaseNotesURI":null,"softDisabled":false,"foreignInstall":false,"strictCompatibility":true,"locales":[],"targetApplications":[{"id":"toolkit@mozilla.org","minVersion":null,"maxVersion":null}],"targetPlatforms":[],"signedDate":null,"seen":true,"dependencies":[],"incognito":"spanning","userPermissions":{"permissions":[],"origins":[]},"optionalPermissions":{"permissions":[],"origins":[]},"icons":{},"iconURL":null,"blocklistState":0,"blocklistURL":null,"startupData":null,"hidden":true,"installTelemetryInfo":null,"recommendationState":null,"rootURI":"jar:file:///usr/lib/firefox-esr/browser/features/formautofill@mozilla.org.xpi!/","location":"app-system-defaults"},{"id":"pictureinpicture@mozilla.org","syncGUID":"{5b7fe486-5e83-42f4-98a9-1fe9db969cf9}","version":"1.0.0","type":"extension","loader":null,"updateURL":null,"installOrigins":null,"manifestVersion":2,"optionsURL":null,"optionsType":null,"optionsBrowserStyle":true,"aboutURL":null,"defaultLocale":{"name":"Picture-In-Picture","description":"Fixes for web compatibility with Picture-in-Picture","creator":null,"developers":null,"translators":null,"contributors":null},"visible":true,"active":true,"userDisabled":false,"appDisabled":false,"embedderDisabled":false,"installDate":1725395284000,"updateDate":1725395284000,"applyBackgroundUpdates":1,"path":"/usr/lib/firefox-esr/browser/features/pictureinpicture@mozilla.org.xpi","skinnable":false,"sourceURI":null,"releaseNotesURI":null,"softDisabled":false,"foreignInstall":false,"strictCompatibility":true,"locales":[],"targetApplications":[{"id":"toolkit@mozilla.org","minVersion":"88.0a1","maxVersion":null}],"targetPlatforms":[],"signedDate":null,"seen":true,"dependencies":[],"incognito":"spanning","userPermissions":{"permissions":[],"origins":[]},"optionalPermissions":{"permissions":[],"origins":[]},"icons":{},"iconURL":null,"blocklistState":0,"blocklistURL":null,"startupData":null,"hidden":true,"installTelemetryInfo":null,"recommendationState":null,"rootURI":"jar:file:///usr/lib/firefox-esr/browser/features/pictureinpicture@mozilla.org.xpi!/","location":"app-system-defaults"},{"id":"screenshots@mozilla.org","syncGUID":"{513eb045-128e-4d4f-86ce-09e461b9ea1b}","version":"39.0.1","type":"extension","loader":null,"updateURL":null,"installOrigins":null,"manifestVersion":2,"optionsURL":null,"optionsType":null,"optionsBrowserStyle":true,"aboutURL":null,"defaultLocale":{"name":"Firefox Screenshots","description":"Take clips and screenshots from the Web and save them temporarily or permanently.","creator":"Mozilla <screenshots-feedback@mozilla.com>","homepageURL":"https://github.com/mozilla-services/screenshots","developers":null,"translators":null,"contributors":null},"visible":true,"active":true,"userDisabled":false,"appDisabled":false,"embedderDisabled":false,"installDate":1725395284000,"updateDate":1725395284000,"applyBackgroundUpdates":1,"path":"/usr/lib/firefox-esr/browser/features/screenshots@mozilla.org.xpi","skinnable":false,"sourceURI":null,"releaseNotesURI":null,"softDisabled":false,"foreignInstall":false,"strictCompatibility":true,"locales":[],"targetApplications":[{"id":"toolkit@mozilla.org","minVersion":"57.0a1","maxVersion":null}],"targetPlatforms":[],"signedDate":null,"seen":true,"dependencies":[],"incognito":"spanning","userPermissions":{"permissions":["activeTab","downloads","tabs","storage","notifications","clipboardWrite","contextMenus","mozillaAddons","telemetry"],"origins":["<all_urls>","https://screenshots.firefox.com/","resource://pdf.js/","about:reader*","https://screenshots.firefox.com/*"]},"optionalPermissions":{"permissions":[],"origins":[]},"icons":{},"iconURL":null,"blocklistState":0,"blocklistURL":null,"startupData":null,"hidden":true,"installTelemetryInfo":null,"recommendationState":null,"rootURI":"jar:file:///usr/lib/firefox-esr/browser/features/screenshots@mozilla.org.xpi!/","location":"app-system-defaults"},{"id":"webcompat-reporter@mozilla.org","syncGUID":"{b0b1c89a-13ff-42e2-9494-691b69b51f9e}","version":"1.5.1","type":"extension","loader":null,"updateURL":null,"installOrigins":null,"manifestVersion":2,"optionsURL":null,"optionsType":null,"optionsBrowserStyle":true,"aboutURL":null,"defaultLocale":{"name":"WebCompat Reporter","description":"Report site compatibility issues on webcompat.com","creator":"Thomas Wisniewski <twisniewski@mozilla.com>","homepageURL":"https://github.com/mozilla/webcompat-reporter","developers":null,"translators":null,"contributors":null},"visible":true,"active":false,"userDisabled":true,"appDisabled":false,"embedderDisabled":false,"installDate":1725395284000,"updateDate":1725395284000,"applyBackgroundUpdates":1,"path":"/usr/lib/firefox-esr/browser/features/webcompat-reporter@mozilla.org.xpi","skinnable":false,"sourceURI":null,"releaseNotesURI":null,"softDisabled":false,"foreignInstall":false,"strictCompatibility":true,"locales":[],"targetApplications":[{"id":"toolkit@mozilla.org","minVersion":null,"maxVersion":null}],"targetPlatforms":[],"signedDate":null,"seen":true,"dependencies":[],"incognito":"spanning","userPermissions":{"permissions":["tabs"],"origins":["<all_urls>"]},"optionalPermissions":{"permissions":[],"origins":[]},"icons":{"16":"icons/lightbulb.svg","32":"icons/lightbulb.svg","48":"icons/lightbulb.svg","96":"icons/lightbulb.svg","128":"icons/lightbulb.svg"},"iconURL":null,"blocklistState":0,"blocklistURL":null,"startupData":null,"hidden":true,"installTelemetryInfo":null,"recommendationState":null,"rootURI":"jar:file:///usr/lib/firefox-esr/browser/features/webcompat-reporter@mozilla.org.xpi!/","location":"app-system-defaults"},{"id":"webcompat@mozilla.org","syncGUID":"{baa8f234-46e1-46a2-b717-2470e54049c8}","version":"115.2.0","type":"extension","loader":null,"updateURL":null,"installOrigins":null,"manifestVersion":2,"optionsURL":null,"optionsType":null,"optionsBrowserStyle":true,"aboutURL":null,"defaultLocale":{"name":"Web Compatibility Interventions","description":"Urgent post-release fixes for web compatibility.","creator":null,"developers":null,"translators":null,"contributors":null},"visible":true,"active":true,"userDisabled":false,"appDisabled":false,"embedderDisabled":false,"installDate":1725395284000,"updateDate":1725395284000,"applyBackgroundUpdates":1,"path":"/usr/lib/firefox-esr/browser/features/webcompat@mozilla.org.xpi","skinnable":false,"sourceURI":null,"releaseNotesURI":null,"softDisabled":false,"foreignInstall":false,"strictCompatibility":true,"locales":[],"targetApplications":[{"id":"toolkit@mozilla.org","minVersion":"102.0","maxVersion":null}],"targetPlatforms":[],"signedDate":null,"seen":true,"dependencies":[],"incognito":"spanning","userPermissions":{"permissions":["mozillaAddons","tabs","webNavigation","webRequest","webRequestBlocking"],"origins":["<all_urls>"]},"optionalPermissions":{"permissions":[],"origins":[]},"icons":{},"iconURL":null,"blocklistState":0,"blocklistURL":null,"startupData":null,"hidden":true,"installTelemetryInfo":null,"recommendationState":null,"rootURI":"jar:file:///usr/lib/firefox-esr/browser/features/webcompat@mozilla.org.xpi!/","location":"app-system-defaults"},{"id":"default-theme@mozilla.org","syncGUID":"{01a6cb56-501e-455d-80e0-97b2924eee35}","version":"1.3","type":"theme","loader":null,"updateURL":null,"installOrigins":null,"manifestVersion":2,"optionsURL":null,"optionsType":null,"optionsBrowserStyle":true,"aboutURL":null,"defaultLocale":{"name":"System theme — auto","description":"Follow the operating system setting for buttons, menus, and windows.","creator":"Mozilla","developers":null,"translators":null,"contributors":null},"visible":true,"active":true,"userDisabled":false,"appDisabled":false,"embedderDisabled":false,"installDate":1727191489157,"applyBackgroundUpdates":1,"path":null,"skinnable":false,"sourceURI":null,"releaseNotesURI":null,"softDisabled":false,"foreignInstall":false,"strictCompatibility":true,"locales":[],"targetApplications":[{"id":"toolkit@mozilla.org","minVersion":null,"maxVersion":null}],"targetPlatforms":[],"signedDate":null,"seen":true,"dependencies":[],"userPermissions":null,"optionalPermissions":null,"icons":{"32":"icon.svg"},"iconURL":null,"blocklistState":0,"blocklistURL":null,"startupData":null,"hidden":false,"installTelemetryInfo":null,"recommendationState":null,"rootURI":"resource://default-theme/","location":"app-builtin"},{"id":"addons-search-detection@mozilla.com","syncGUID":"{d1148248-66c6-41dd-b4c3-45830b899cbf}","version":"2.0.0","type":"extension","loader":null,"updateURL":null,"installOrigins":null,"manifestVersion":2,"optionsURL":null,"optionsType":null,"optionsBrowserStyle":true,"aboutURL":null,"defaultLocale":{"name":"Add-ons Search Detection","description":"","creator":null,"developers":null,"translators":null,"contributors":null},"visible":true,"active":true,"userDisabled":false,"appDisabled":false,"embedderDisabled":false,"installDate":1727191491103,"applyBackgroundUpdates":1,"path":null,"skinnable":false,"sourceURI":null,"releaseNotesURI":null,"softDisabled":false,"foreignInstall":false,"strictCompatibility":true,"locales":[],"targetApplications":[{"id":"toolkit@mozilla.org","minVersion":null,"maxVersion":null}],"targetPlatforms":[],"signedDate":null,"seen":true,"dependencies":[],"incognito":"spanning","userPermissions":{"permissions":["telemetry","webRequest","webRequestBlocking"],"origins":["<all_urls>"]},"optionalPermissions":{"permissions":[],"origins":[]},"icons":{},"iconURL":null,"blocklistState":0,"blocklistURL":null,"startupData":null,"hidden":true,"installTelemetryInfo":null,"recommendationState":null,"rootURI":"resource://builtin-addons/search-detection/","location":"app-builtin"},{"id":"google@search.mozilla.org","syncGUID":"{eac04692-c362-447f-8d57-4967140b5cef}","version":"1.4","type":"extension","loader":null,"updateURL":null,"installOrigins":null,"manifestVersion":2,"optionsURL":null,"optionsType":null,"optionsBrowserStyle":true,"aboutURL":null,"defaultLocale":{"name":"Google","description":"Google Search","creator":null,"developers":null,"translators":null,"contributors":null},"visible":true,"active":true,"userDisabled":false,"appDisabled":false,"embedderDisabled":false,"installDate":1727191491994,"applyBackgroundUpdates":1,"path":null,"skinnable":false,"sourceURI":null,"releaseNotesURI":null,"softDisabled":false,"foreignInstall":false,"strictCompatibility":true,"locales":[{"name":"Google","description":"Google Search","creator":null,"developers":null,"translators":null,"contributors":null,"locales":["en"]},{"name":"Google","description":"Google Search","creator":null,"developers":null,"translators":null,"contributors":null,"locales":["region-ru"]},{"name":"Google","description":"Google Search","creator":null,"developers":null,"translators":null,"contributors":null,"locales":["region-by"]},{"name":"Google","description":"Google Search","creator":null,"developers":null,"translators":null,"contributors":null,"locales":["region-tr"]},{"name":"Google","description":"Google Search","creator":null,"developers":null,"translators":null,"contributors":null,"locales":["region-kz"]}],"targetApplications":[{"id":"toolkit@mozilla.org","minVersion":null,"maxVersion":null}],"targetPlatforms":[],"signedDate":null,"seen":true,"dependencies":[],"incognito":"spanning","userPermissions":{"permissions":[],"origins":[]},"optionalPermissions":{"permissions":[],"origins":[]},"icons":{"16":"favicon.ico"},"iconURL":null,"blocklistState":0,"blocklistURL":null,"startupData":null,"hidden":true,"installTelemetryInfo":null,"recommendationState":null,"rootURI":"resource://search-extensions/google/","location":"app-builtin"},{"id":"wikipedia@search.mozilla.org","syncGUID":"{39ef7f6c-ad8f-4e1b-9de7-dc022640101e}","version":"1.3","type":"extension","loader":null,"updateURL":null,"installOrigins":null,"manifestVersion":2,"optionsURL":null,"optionsType":null,"optionsBrowserStyle":true,"aboutURL":null,"defaultLocale":{"name":"Wikipedia (en)","description":"Wikipedia, the Free Encyclopedia","creator":null,"developers":null,"translators":null,"contributors":null},"visible":true,"active":true,"userDisabled":false,"appDisabled":false,"embedderDisabled":false,"installDate":1727191492624,"applyBackgroundUpdates":1,"path":null,"skinnable":false,"sourceURI":null,"releaseNotesURI":null,"softDisabled":false,"foreignInstall":false,"strictCompatibility":true,"locales":[{"name":"Wikipedia (en)","description":"Wikipedia, the Free Encyclopedia","creator":null,"developers":null,"translators":null,"contributors":null,"locales":["en"]},{"name":"Wikipedija (hr)","description":"Wikipedija, slobodna enciklopedija","creator":null,"developers":null,"translators":null,"contributors":null,"locales":["hr"]},{"name":"Wikipedia (fi)","description":"Wikipedia (fi), vapaa tietosanakirja","creator":null,"developers":null,"translators":null,"contributors":null,"locales":["fi"]},{"name":"Wikipedia (hy)","description":"Վիքիփեդիա՝ ազատ հանրագիտարան","creator":null,"developers":null,"translators":null,"contributors":null,"locales":["hy"]},{"name":"Уикипедия (kk)","description":"Уикипедия (kk)","creator":null,"developers":null,"translators":null,"contributors":null,"locales":["kk"]},{"name":"Вікіпедыя (be)","description":"Вікіпедыя, свабодная энцыклапедыя","creator":null,"developers":null,"translators":null,"contributors":null,"locales":["be"]},{"name":"위키백과 (ko)","description":"Wikipedia, the free encyclopedia","creator":null,"developers":null,"translators":null,"contributors":null,"locales":["kr"]},{"name":"Wikipedia (ro)","description":"Wikipedia, enciclopedia liberă","creator":null,"developers":null,"translators":null,"contributors":null,"locales":["ro"]},{"name":"Wikipedia (bs)","description":"Slobodna enciklopedija","creator":null,"developers":null,"translators":null,"contributors":null,"locales":["bs"]},{"name":"Wikipedia (pt)","description":"Wikipédia, a enciclopédia livre","creator":null,"developers":null,"translators":null,"contributors":null,"locales":["pt"]},{"name":"Vikipetã (gn)","description":"Vikipetã, opaite tembikuaa hekosãsóva renda","creator":null,"developers":null,"translators":null,"contributors":null,"locales":["gn"]},{"name":"વિકિપીડિયા (gu)","description":"વીકીપીડિયા, મુક્ત એનસાયક્લોપીડિયા","creator":null,"developers":null,"translators":null,"contributors":null,"locales":["gu"]},{"name":"Wikipedia (el)","description":"Βικιπαίδεια, η ελεύθερη εγκυκλοπαίδεια","creator":null,"developers":null,"translators":null,"contributors":null,"locales":["el"]},{"name":"Wikipedia (es)","description":"Wikipedia, la enciclopedia libre","creator":null,"developers":null,"translators":null,"contributors":null,"locales":["es"]},{"name":"ויקיפדיה","description":"ויקיפדיה","creator":null,"developers":null,"translators":null,"contributors":null,"locales":["he"]},{"name":"Wikipedia (da)","description":"Wikipedia, den frie encyklopædi","creator":null,"developers":null,"translators":null,"contributors":null,"locales":["da"]},{"name":"Wikipedia (tr)","description":"Vikipedi, özgür ansiklopedi","creator":null,"developers":null,"translators":null,"contributors":null,"locales":["tr"]},{"name":"Wikipedija (hsb)","description":"Wikipedija, swobodna encyklopedija","creator":null,"developers":null,"translators":null,"contributors":null,"locales":["hsb"]},{"name":"Wikipedy (fy)","description":"De fergese ensyklopedy","creator":null,"developers":null,"translators":null,"contributors":null,"locales":["fy-NL"]},{"name":"विकिपीडिया (ne)","description":"विकिपिडिया एक स्वतन्त्र विश्वकोष","creator":null,"developers":null,"translators":null,"contributors":null,"locales":["ne"]},{"name":"Wikipedia (nl)","description":"De vrije encyclopedie","creator":null,"developers":null,"translators":null,"contributors":null,"locales":["nl"]},{"name":"Wikipedia (ja)","description":"Wikipedia - フリー百科事典","creator":null,"developers":null,"translators":null,"contributors":null,"locales":["ja"]},{"name":"Vikipeedia (et)","description":"Vikipeedia, vaba entsüklopeedia","creator":null,"developers":null,"translators":null,"contributors":null,"locales":["et"]},{"name":"Wikipèdia (oc)","description":"Wikipèdia, l'enciclopèdia liura","creator":null,"developers":null,"translators":null,"contributors":null,"locales":["oc"]},{"name":"Wicipedia (cy)","description":"Wicipedia, Y Gwyddioniadur Rhydd","creator":null,"developers":null,"translators":null,"contributors":null,"locales":["cy"]},{"name":"వికీపీడియా (te)","description":"వికీపీడియా (te)","creator":null,"developers":null,"translators":null,"contributors":null,"locales":["te"]},{"name":"Wikipédia (fr)","description":"Wikipédia, l'encyclopédie libre","creator":null,"developers":null,"translators":null,"contributors":null,"locales":["fr"]},{"name":"Wikipedia (tl)","description":"Wikipedia, ang malayang ensiklopedya","creator":null,"developers":null,"translators":null,"contributors":null,"locales":["tl"]},{"name":"维基百科","description":"维基百科，自由的百科全书","creator":null,"developers":null,"translators":null,"contributors":null,"locales":["zh-CN"]},{"name":"Wikipedia (lij)","description":"Wikipedia, l'enciclopedia libera","creator":null,"developers":null,"translators":null,"contributors":null,"locales":["lij"]},{"name":"វីគីភីឌា (km)","description":"វីគីភីឌា សព្វ​វចនា​ធិប្បាយ​សេរី","creator":null,"developers":null,"translators":null,"contributors":null,"locales":["km"]},{"name":"Уикипедия (bg)","description":"Уикипедия, свободната енциклоподия","creator":null,"developers":null,"translators":null,"contributors":null,"locales":["bg"]},{"name":"Wikipedia (id)","description":"Wikipedia, ensiklopedia bebas","creator":null,"developers":null,"translators":null,"contributors":null,"locales":["id"]},{"name":"Wikipedia (pa)","description":"ਵਿਕਿਪੀਡਿਆ, ਮੁਫ਼ਤ/ਮੁਕਤ ਸ਼ਬਦਕੋਸ਼","creator":null,"developers":null,"translators":null,"contributors":null,"locales":["pa"]},{"name":"উইকিপিডিয়া (bn)","description":"উইকিপিডিয়া, মুক্ত বিশ্বকোষ","creator":null,"developers":null,"translators":null,"contributors":null,"locales":["bn"]},{"name":"Wikipedia (eu)","description":"Wikipedia, entziklopedia askea","creator":null,"developers":null,"translators":null,"contributors":null,"locales":["eu"]},{"name":"Wikipedie (cs)","description":"Wikipedia, svobodná encyclopedie","creator":null,"developers":null,"translators":null,"contributors":null,"locales":["cz"]},{"name":"Wikipédia (hu)","description":"Wikipedia, a szabad enciklopédia","creator":null,"developers":null,"translators":null,"contributors":null,"locales":["hu"]},{"name":"Wikipedia (kn)","description":"Wikipedia, the free encyclopedia","creator":null,"developers":null,"translators":null,"contributors":null,"locales":["kn"]},{"name":"Wikipedia (is)","description":"Wikipedia, the free encyclopedia","creator":null,"developers":null,"translators":null,"contributors":null,"locales":["is"]},{"name":"Вікіпедія (uk)","description":"Вікіпедія, вільна енциклопедія","creator":null,"developers":null,"translators":null,"contributors":null,"locales":["uk"]},{"name":"Wikipedia (kab)","description":"Wikipedia, tasanayt tilellit","creator":null,"developers":null,"translators":null,"contributors":null,"locales":["kab"]},{"name":"Wikipedia (zh)","description":"維基百科，自由的百科全書","creator":null,"developers":null,"translators":null,"contributors":null,"locales":["zh-TW"]},{"name":"ویکیپیڈیا (ur)","description":"ویکیپیڈیا آزاد دائرۃ المعارف","creator":null,"developers":null,"translators":null,"contributors":null,"locales":["ur"]},{"name":"Vikipedio (eo)","description":"Vikipedio, la libera enciklopedio","creator":null,"developers":null,"translators":null,"contributors":null,"locales":["eo"]},{"name":"Wikipedia (si)","description":"Wikipedia, the free encyclopedia","creator":null,"developers":null,"translators":null,"contributors":null,"locales":["si"]},{"name":"ويكيبيديا (ar)","description":"ويكيبيديا (ar)","creator":null,"developers":null,"translators":null,"contributors":null,"locales":["ar"]},{"name":"Wikipedia (vi)","description":"Wikipedia, bách khoa toàn thư mở","creator":null,"developers":null,"translators":null,"contributors":null,"locales":["vi"]},{"name":"ვიკიპედია (ka)","description":"ვიკიპედია, თავისუფალი ენციკლოპედია","creator":null,"developers":null,"translators":null,"contributors":null,"locales":["ka"]},{"name":"Uicipeid (gd)","description":"Wikipedia, An leabhar mòr-eòlais","creator":null,"developers":null,"translators":null,"contributors":null,"locales":["gd"]},{"name":"Vikipediya (uz)","description":"Vikipediya, ochiq ensiklopediya","creator":null,"developers":null,"translators":null,"contributors":null,"locales":["uz"]},{"name":"Wikipedia (it)","description":"Wikipedia, l'enciclopedia libera","creator":null,"developers":null,"translators":null,"contributors":null,"locales":["it"]},{"name":"Wikipedia (lt)","description":"Vikipedija, laisvoji enciklopedija","creator":null,"developers":null,"translators":null,"contributors":null,"locales":["lt"]},{"name":"Wikipedia (sq)","description":"Wikipedia, enciklopedia e lirë","creator":null,"developers":null,"translators":null,"contributors":null,"locales":["sq"]},{"name":"Vicipéid (ga)","description":"Vicipéid, an Chiclipéid Shaor","creator":null,"developers":null,"translators":null,"contributors":null,"locales":["ga-IE"]},{"name":"विकिपीडिया (hi)","description":"विकिपीडिया (हिन्दी)","creator":null,"developers":null,"translators":null,"contributors":null,"locales":["hi"]},{"name":"Vikipedeja (ltg)","description":"Vikipēdija, breivuo eņciklopedeja","creator":null,"developers":null,"translators":null,"contributors":null,"locales":["ltg"]},{"name":"விக்கிப்பீடியா (ta)","description":"விக்கிப்பீடியா (ta)","creator":null,"developers":null,"translators":null,"contributors":null,"locales":["ta"]},{"name":"Vikipediya (az)","description":"Vikipediya, açıq ensiklopediya","creator":null,"developers":null,"translators":null,"contributors":null,"locales":["az"]},{"name":"Википедија (mk)","description":"Википедија, слободната енциклопедија","creator":null,"developers":null,"translators":null,"contributors":null,"locales":["mk"]},{"name":"วิกิพีเดีย","description":"วิกิพีเดีย สารานุกรมเสรี","creator":null,"developers":null,"translators":null,"contributors":null,"locales":["th"]},{"name":"Wikipedia (de)","description":"Wikipedia, die freie Enzyklopädie","creator":null,"developers":null,"translators":null,"contributors":null,"locales":["de"]},{"name":"Wikipedija (dsb)","description":"Wikipedija, lichotna encyklopedija","creator":null,"developers":null,"translators":null,"contributors":null,"locales":["dsb"]},{"name":"विकिपीडिया (mr)","description":"विकिपीडिया, मोफत माहितीकोष","creator":null,"developers":null,"translators":null,"contributors":null,"locales":["mr"]},{"name":"Wikipedia (ast)","description":"La enciclopedia llibre","creator":null,"developers":null,"translators":null,"contributors":null,"locales":["ast"]},{"name":"Wikipedia (my)","description":"အခမဲ့လွတ်လပ်စွယ်စုံကျမ်း","creator":null,"developers":null,"translators":null,"contributors":null,"locales":["my"]},{"name":"Wikipedia (rm)","description":"Vichipedia, l'enciclopedia libra","creator":null,"developers":null,"translators":null,"contributors":null,"locales":["rm"]},{"name":"Wikipedia (nn)","description":"Wikipedia, det frie oppslagsverket","creator":null,"developers":null,"translators":null,"contributors":null,"locales":["NN"]},{"name":"Wikipedia (wo)","description":"Wikipedia, Jimbulang bu Ubbeeku bi","creator":null,"developers":null,"translators":null,"contributors":null,"locales":["wo"]},{"name":"Wikipedia (gl)","description":"Wikipedia, a enciclopedia libre","creator":null,"developers":null,"translators":null,"contributors":null,"locales":["gl"]},{"name":"Viquipèdia (ca)","description":"L'enciclopèdia lliure","creator":null,"developers":null,"translators":null,"contributors":null,"locales":["ca"]},{"name":"Wikipédia (sk)","description":"Wikipédia, slobodná a otvorená encyklopédia","creator":null,"developers":null,"translators":null,"contributors":null,"locales":["sk"]},{"name":"Википедија (sr)","description":"Претрага Википедије на српском језику","creator":null,"developers":null,"translators":null,"contributors":null,"locales":["sr"]},{"name":"Wikipedia (af)","description":"Wikipedia, die vrye ensiklopedie","creator":null,"developers":null,"translators":null,"contributors":null,"locales":["af"]},{"name":"Wikipedia (ms)","description":"Wikipedia, ensiklopedia bebas","creator":null,"developers":null,"translators":null,"contributors":null,"locales":["ms"]},{"name":"Wikipedia (ia)","description":"Wikipedia, le encyclopedia libere","creator":null,"developers":null,"translators":null,"contributors":null,"locales":["ia"]},{"name":"Wikipedia (no)","description":"Wikipedia, den frie encyklopedi","creator":null,"developers":null,"translators":null,"contributors":null,"locales":["NO"]},{"name":"Википедия (ru)","description":"Википедия, свободная энциклопедия","creator":null,"developers":null,"translators":null,"contributors":null,"locales":["ru"]},{"name":"Wikipedia (br)","description":"Wikipedia, an holloueziadur digor","creator":null,"developers":null,"translators":null,"contributors":null,"locales":["br"]},{"name":"Wikipedia (pl)","description":"Wikipedia, wolna encyklopedia","creator":null,"developers":null,"translators":null,"contributors":null,"locales":["pl"]},{"name":"Вікіпэдыя (be-tarask)","description":"Вікіпэдыя, вольная энцыкляпэдыя","creator":null,"developers":null,"translators":null,"contributors":null,"locales":["be-tarask"]},{"name":"Wikipedia (sv)","description":"Wikipedia, den fria encyklopedin","creator":null,"developers":null,"translators":null,"contributors":null,"locales":["sv-SE"]},{"name":"ວິກິພີເດຍ (lo)","description":"ວິກິພີເດຍ, ສາລານຸກົມເສລີ","creator":null,"developers":null,"translators":null,"contributors":null,"locales":["lo"]},{"name":"Wikipedija (sl)","description":"Wikipedija, prosta enciklopedija","creator":null,"developers":null,"translators":null,"contributors":null,"locales":["sl"]},{"name":"Vikipēdija","description":"Vikipēdija, brīvā enciklopēdija","creator":null,"developers":null,"translators":null,"contributors":null,"locales":["lv"]},{"name":"ویکی‌پدیا (fa)","description":"ویکی‌پدیا، دانشنامهٔ آزاد","creator":null,"developers":null,"translators":null,"contributors":null,"locales":["fa"]},{"name":"Biquipedia (an)","description":"A enciclopedia Libre","creator":null,"developers":null,"translators":null,"contributors":null,"locales":["an"]}],"targetApplications":[{"id":"toolkit@mozilla.org","minVersion":null,"maxVersion":null}],"targetPlatforms":[],"signedDate":null,"seen":true,"dependencies":[],"incognito":"spanning","userPermissions":{"permissions":[],"origins":[]},"optionalPermissions":{"permissions":[],"origins":[]},"icons":{"16":"favicon.ico"},"iconURL":null,"blocklistState":0,"blocklistURL":null,"startupData":null,"hidden":true,"installTelemetryInfo":null,"recommendationState":null,"rootURI":"resource://search-extensions/wikipedia/","location":"app-builtin"},{"id":"bing@search.mozilla.org","syncGUID":"{152f387d-742c-4227-b4e3-8efdafac3863}","version":"1.5","type":"extension","loader":null,"updateURL":null,"installOrigins":null,"manifestVersion":2,"optionsURL":null,"optionsType":null,"optionsBrowserStyle":true,"aboutURL":null,"defaultLocale":{"name":"Bing","description":"Microsoft Bing","creator":null,"developers":null,"translators":null,"contributors":null},"visible":true,"active":true,"userDisabled":false,"appDisabled":false,"embedderDisabled":false,"installDate":1727191492722,"applyBackgroundUpdates":1,"path":null,"skinnable":false,"sourceURI":null,"releaseNotesURI":null,"softDisabled":false,"foreignInstall":false,"strictCompatibility":true,"locales":[],"targetApplications":[{"id":"toolkit@mozilla.org","minVersion":null,"maxVersion":null}],"targetPlatforms":[],"signedDate":null,"seen":true,"dependencies":[],"incognito":"spanning","userPermissions":{"permissions":[],"origins":[]},"optionalPermissions":{"permissions":[],"origins":[]},"icons":{"16":"favicon.ico"},"iconURL":null,"blocklistState":0,"blocklistURL":null,"startupData":null,"hidden":true,"installTelemetryInfo":null,"recommendationState":null,"rootURI":"resource://search-extensions/bing/","location":"app-builtin"},{"id":"ddg@search.mozilla.org","syncGUID":"{ac80e131-16ad-41a0-aa47-e44ee40df040}","version":"1.4","type":"extension","loader":null,"updateURL":null,"installOrigins":null,"manifestVersion":2,"optionsURL":null,"optionsType":null,"optionsBrowserStyle":true,"aboutURL":null,"defaultLocale":{"name":"DuckDuckGo","description":"Search DuckDuckGo","creator":null,"developers":null,"translators":null,"contributors":null},"visible":true,"active":true,"userDisabled":false,"appDisabled":false,"embedderDisabled":false,"installDate":1727191492814,"applyBackgroundUpdates":1,"path":null,"skinnable":false,"sourceURI":null,"releaseNotesURI":null,"softDisabled":false,"foreignInstall":false,"strictCompatibility":true,"locales":[],"targetApplications":[{"id":"toolkit@mozilla.org","minVersion":null,"maxVersion":null}],"targetPlatforms":[],"signedDate":null,"seen":true,"dependencies":[],"incognito":"spanning","userPermissions":{"permissions":[],"origins":[]},"optionalPermissions":{"permissions":[],"origins":[]},"icons":{"16":"favicon.ico"},"iconURL":null,"blocklistState":0,"blocklistURL":null,"startupData":null,"hidden":true,"installTelemetryInfo":null,"recommendationState":null,"rootURI":"resource://search-extensions/ddg/","location":"app-builtin"},{"id":"langpack-fr@firefox.mozilla.org","syncGUID":"{ab0112fb-1c66-43a0-978b-e25cec06111e}","version":"115.0.20230726.201356","type":"locale","loader":null,"updateURL":null,"installOrigins":null,"manifestVersion":2,"optionsURL":null,"optionsType":null,"optionsBrowserStyle":true,"aboutURL":null,"defaultLocale":{"name":"Language: Français (French)","description":"Firefox Language Pack for Français (fr) – French","creator":"mozfr.org (contributors: L’équipe francophone)","developers":null,"translators":null,"contributors":null},"visible":true,"active":true,"userDisabled":false,"appDisabled":false,"embedderDisabled":false,"installDate":1727191493079,"updateDate":1727191493079,"applyBackgroundUpdates":1,"path":"/home/utilisateurlambda/.mozilla/firefox/7mjwvmta.default-esr/extensions/langpack-fr@firefox.mozilla.org.xpi","skinnable":false,"sourceURI":"https://addons.mozilla.org/firefox/downloads/file/4144401/francais_language_pack-115.0.20230726.201356.xpi","releaseNotesURI":null,"softDisabled":false,"foreignInstall":false,"strictCompatibility":true,"locales":[],"targetApplications":[{"id":"toolkit@mozilla.org","minVersion":"115.0","maxVersion":"115.*"}],"targetPlatforms":[],"signedState":2,"signedDate":1690417570000,"seen":true,"dependencies":[],"userPermissions":null,"optionalPermissions":null,"icons":{},"iconURL":null,"blocklistState":0,"blocklistURL":null,"startupData":{"chromeEntries":[["locale","app-marketplace-icons","fr","browser/chrome/browser/locale/fr/app-marketplace-icons/"],["locale","branding","fr","browser/chrome/fr/locale/branding/"],["locale","browser","fr","browser/chrome/fr/locale/browser/"],["locale","browser-region","fr","browser/chrome/fr/locale/browser-region/"],["locale","devtools","fr","browser/chrome/fr/locale/fr/devtools/client/"],["locale","devtools-shared","fr","browser/chrome/fr/locale/fr/devtools/shared/"],["locale","formautofill","fr","browser/features/formautofill@mozilla.org/fr/locale/fr/"],["locale","report-site-issue","fr","browser/features/webcompat-reporter@mozilla.org/fr/locale/fr/"],["locale","alerts","fr","chrome/fr/locale/fr/alerts/"],["locale","autoconfig","fr","chrome/fr/locale/fr/autoconfig/"],["locale","global","fr","chrome/fr/locale/fr/global/"],["locale","global-platform","fr","chrome/fr/locale/fr/global-platform/unix/"],["locale","mozapps","fr","chrome/fr/locale/fr/mozapps/"],["locale","necko","fr","chrome/fr/locale/fr/necko/"],["locale","passwordmgr","fr","chrome/fr/locale/fr/passwordmgr/"],["locale","pdf.js","fr","chrome/fr/locale/pdfviewer/"],["locale","pipnss","fr","chrome/fr/locale/fr/pipnss/"],["locale","pippki","fr","chrome/fr/locale/fr/pippki/"],["locale","places","fr","chrome/fr/locale/fr/places/"]],"langpackId":"langpack-fr-browser","l10nRegistrySources":{"toolkit":"","browser":"browser/"},"languages":["fr"]},"hidden":false,"installTelemetryInfo":{"source":"about:welcome"},"recommendationState":null,"rootURI":"jar:file:///home/utilisateurlambda/.mozilla/firefox/7mjwvmta.default-esr/extensions/langpack-fr@firefox.mozilla.org.xpi!/","location":"app-profile"},{"id":"ebay@search.mozilla.org","syncGUID":"{1999b50a-f064-4083-aa9b-7e959771b752}","version":"1.4","type":"extension","loader":null,"updateURL":null,"installOrigins":null,"manifestVersion":2,"optionsURL":null,"optionsType":null,"optionsBrowserStyle":true,"aboutURL":null,"defaultLocale":{"name":"eBay","description":"eBay - Online auctions","creator":null,"developers":null,"translators":null,"contributors":null},"visible":true,"active":true,"userDisabled":false,"appDisabled":false,"embedderDisabled":false,"installDate":1727191493508,"applyBackgroundUpdates":1,"path":null,"skinnable":false,"sourceURI":null,"releaseNotesURI":null,"softDisabled":false,"foreignInstall":false,"strictCompatibility":true,"locales":[{"name":"eBay","description":"eBay - Online auctions","creator":null,"developers":null,"translators":null,"contributors":null,"locales":["en"]},{"name":"eBay","description":"eBay - Online auctions","creator":null,"developers":null,"translators":null,"contributors":null,"locales":["ie"]},{"name":"eBay","description":"eBay - Online auctions","creator":null,"developers":null,"translators":null,"contributors":null,"locales":["uk"]},{"name":"eBay","description":"eBay - Online auctions","creator":null,"developers":null,"translators":null,"contributors":null,"locales":["it"]},{"name":"eBay","description":"eBay - Online auctions","creator":null,"developers":null,"translators":null,"contributors":null,"locales":["de"]},{"name":"eBay","description":"eBay - Online auctions","creator":null,"developers":null,"translators":null,"contributors":null,"locales":["ca"]},{"name":"eBay","description":"eBay - Online auctions","creator":null,"developers":null,"translators":null,"contributors":null,"locales":["ch"]},{"name":"eBay","description":"eBay - Online auctions","creator":null,"developers":null,"translators":null,"contributors":null,"locales":["at"]},{"name":"eBay","description":"eBay - Online auctions","creator":null,"developers":null,"translators":null,"contributors":null,"locales":["au"]},{"name":"eBay","description":"eBay - Online auctions","creator":null,"developers":null,"translators":null,"contributors":null,"locales":["be"]},{"name":"eBay","description":"eBay - Online auctions","creator":null,"developers":null,"translators":null,"contributors":null,"locales":["es"]},{"name":"eBay","description":"eBay - Online auctions","creator":null,"developers":null,"translators":null,"contributors":null,"locales":["nl"]},{"name":"eBay","description":"eBay - Online auctions","creator":null,"developers":null,"translators":null,"contributors":null,"locales":["fr"]}],"targetApplications":[{"id":"toolkit@mozilla.org","minVersion":null,"maxVersion":null}],"targetPlatforms":[],"signedDate":null,"seen":true,"dependencies":[],"incognito":"spanning","userPermissions":{"permissions":[],"origins":[]},"optionalPermissions":{"permissions":[],"origins":[]},"icons":{"16":"favicon.ico"},"iconURL":null,"blocklistState":0,"blocklistURL":null,"startupData":null,"hidden":true,"installTelemetryInfo":null,"recommendationState":null,"rootURI":"resource://search-extensions/ebay/","location":"app-builtin"},{"id":"qwant@search.mozilla.org","syncGUID":"{5a4849b4-c1a7-4a52-b2c5-3fda703b143d}","version":"1.5","type":"extension","loader":null,"updateURL":null,"installOrigins":null,"manifestVersion":2,"optionsURL":null,"optionsType":null,"optionsBrowserStyle":true,"aboutURL":null,"defaultLocale":{"name":"Qwant","creator":null,"developers":null,"translators":null,"contributors":null},"visible":true,"active":true,"userDisabled":false,"appDisabled":false,"embedderDisabled":false,"installDate":1727191493600,"applyBackgroundUpdates":1,"path":null,"skinnable":false,"sourceURI":null,"releaseNotesURI":null,"softDisabled":false,"foreignInstall":false,"strictCompatibility":true,"locales":[],"targetApplications":[{"id":"toolkit@mozilla.org","minVersion":null,"maxVersion":null}],"targetPlatforms":[],"signedDate":null,"seen":true,"dependencies":[],"incognito":"spanning","userPermissions":{"permissions":[],"origins":[]},"optionalPermissions":{"permissions":[],"origins":[]},"icons":{"16":"favicon.png"},"iconURL":null,"blocklistState":0,"blocklistURL":null,"startupData":null,"hidden":true,"installTelemetryInfo":null,"recommendationState":null,"rootURI":"resource://search-extensions/qwant/","location":"app-builtin"},{"id":"firefox-compact-light@mozilla.org","syncGUID":"{79c9c0fe-4999-4c6c-8e56-f090ec1fc228}","version":"1.2","type":"theme","loader":null,"updateURL":null,"installOrigins":null,"manifestVersion":2,"optionsURL":null,"optionsType":null,"optionsBrowserStyle":true,"aboutURL":null,"defaultLocale":{"name":"Light","description":"A theme with a light color scheme.","creator":"Mozilla","developers":null,"translators":null,"contributors":null},"visible":true,"active":false,"userDisabled":true,"appDisabled":false,"embedderDisabled":false,"installDate":1727191493836,"applyBackgroundUpdates":1,"path":null,"skinnable":false,"sourceURI":null,"releaseNotesURI":null,"softDisabled":false,"foreignInstall":false,"strictCompatibility":true,"locales":[],"targetApplications":[{"id":"toolkit@mozilla.org","minVersion":null,"maxVersion":null}],"targetPlatforms":[],"signedDate":null,"seen":true,"dependencies":[],"userPermissions":null,"optionalPermissions":null,"icons":{"32":"icon.svg"},"iconURL":null,"blocklistState":0,"blocklistURL":null,"startupData":null,"hidden":false,"installTelemetryInfo":null,"recommendationState":null,"rootURI":"resource://builtin-themes/light/","location":"app-builtin"},{"id":"firefox-compact-dark@mozilla.org","syncGUID":"{bcbfdd25-a0c3-4f25-afb2-c714707cb2f5}","version":"1.2","type":"theme","loader":null,"updateURL":null,"installOrigins":null,"manifestVersion":2,"optionsURL":null,"optionsType":null,"optionsBrowserStyle":true,"aboutURL":null,"defaultLocale":{"name":"Dark","description":"A theme with a dark color scheme.","creator":"Mozilla","developers":null,"translators":null,"contributors":null},"visible":true,"active":false,"userDisabled":true,"appDisabled":false,"embedderDisabled":false,"installDate":1727191493838,"applyBackgroundUpdates":1,"path":null,"skinnable":false,"sourceURI":null,"releaseNotesURI":null,"softDisabled":false,"foreignInstall":false,"strictCompatibility":true,"locales":[],"targetApplications":[{"id":"toolkit@mozilla.org","minVersion":null,"maxVersion":null}],"targetPlatforms":[],"signedDate":null,"seen":true,"dependencies":[],"userPermissions":null,"optionalPermissions":null,"icons":{"32":"icon.svg"},"iconURL":null,"blocklistState":0,"blocklistURL":null,"startupData":null,"hidden":false,"installTelemetryInfo":null,"recommendationState":null,"rootURI":"resource://builtin-themes/dark/","location":"app-builtin"},{"id":"firefox-alpenglow@mozilla.org","syncGUID":"{daf92cec-3f76-4cb4-b54d-62aff36858c0}","version":"1.4","type":"theme","loader":null,"updateURL":null,"installOrigins":null,"manifestVersion":2,"optionsURL":null,"optionsType":null,"optionsBrowserStyle":true,"aboutURL":null,"defaultLocale":{"name":"Firefox Alpenglow","description":"Use a colorful appearance for buttons, menus, and windows.","creator":null,"developers":null,"translators":null,"contributors":null},"visible":true,"active":false,"userDisabled":true,"appDisabled":false,"embedderDisabled":false,"installDate":1727191493840,"applyBackgroundUpdates":1,"path":null,"skinnable":false,"sourceURI":null,"releaseNotesURI":null,"softDisabled":false,"foreignInstall":false,"strictCompatibility":true,"locales":[],"targetApplications":[{"id":"toolkit@mozilla.org","minVersion":null,"maxVersion":null}],"targetPlatforms":[],"signedDate":null,"seen":true,"dependencies":[],"userPermissions":null,"optionalPermissions":null,"icons":{"32":"icon.svg"},"iconURL":null,"blocklistState":0,"blocklistURL":null,"startupData":null,"hidden":false,"installTelemetryInfo":null,"recommendationState":null,"rootURI":"resource://builtin-themes/alpenglow/","location":"app-builtin"}]}